C019847,F,LABELLE,Viollette,1995-2-24,25,80 rue Marguerite, 94300, Vincennes,viollette.labelle@gmail.com,viollettetropbelle,0753110854
C029834,M,FABRE,Frédéric,1983-8-31,36,50 place du Jeu de Paume, 47000, Agen,frederic.fabre@outlook.com,FabreFrederic,0619830294
C123456,M,DUPONT,Nicolas,2000-5-18,20,25 rue de la Republique, 75001, Paris,dupont.nicolas@gmail.com,Nicolas2000,0651249903
C187483,F,BERNARD,Virginie,1985-4-5,35,19 boulevar Amiral Courbet, 44700, Orvault,virginieb@gmail.com,virginieB321,0701943895
C198743,F,GUERTIN,Nadine,1992-2-21,28,18 rue du Château, 42100, Saint-Etienne,nadine.guertin@yahoo.fr,Nadine,0709142374
C429385,M,BEAUCHESNE,Thiery,1970-10-2,49,12 rue Marie de Médicis, 06150, Cannes-La-Bocca,b.thiery@outlook.com,thierybg,0183472993
C437619,F,DEMANGE,Maxence,1992-11-20,27,82 rue Sébastopol, 97230, Sainte-Marie,demange.maxence@outlook.com,demangemax,0619805832
C640593,M,QUINCY,Marceau,1989-7-13,30,83 boulevard Bryas, 60100, Creil,quicy.m@gmail.com,MarceauESILV,0612540365
C789987,F,MARTIN,Jeanne,1999-4-14,21,42 rue de la Paix, 75001, Paris,martin.jeanne@gmail.com,Jeanne1999,0712456598
C928502,F,DUMONT,Ambre,1994-10-22,25,27 rue Adolphe Wurtz,44700,Orvault,ambredumont@gmail.com,ambredumont123,0785931948
